,0,1,2,3,4,5,6,7,8,9,10,11,12,13,14,15,16,17,18,19,20,21,22,23,24,25,26,27,28,29,30,31,32,33,34,35
veganjunkfoodbar,watsonsfood,hugh_rotterdam,broei.utrecht,restaurantfred,oldscuola,rumclubutrecht,restaurantkite,cannibaleroyale,parkheuvel,mamakellyamsterdam,wturbankitchen,thestreetfoodclub,lejardinutrecht,pastaebasta_amsterdam,,,,,,,,,,,,,,,,,,,,,,
pastaebasta_amsterdam,watsonsfood,hugh_rotterdam,broei.utrecht,restaurantfred,oldscuola,rumclubutrecht,veganjunkfoodbar,restaurantkite,cannibaleroyale,parkheuvel,mamakellyamsterdam,wturbankitchen,thestreetfoodclub,lejardinutrecht,,,,,,,,,,,,,,,,,,,,,,
mamakellyamsterdam,watsonsfood,hugh_rotterdam,broei.utrecht,restaurantfred,oldscuola,rumclubutrecht,veganjunkfoodbar,restaurantkite,cannibaleroyale,parkheuvel,wturbankitchen,thestreetfoodclub,lejardinutrecht,pastaebasta_amsterdam,,,,,,,,,,,,,,,,,,,,,,
watsonsfood,hugh_rotterdam,broei.utrecht,restaurantfred,oldscuola,rumclubutrecht,veganjunkfoodbar,restaurantkite,cannibaleroyale,parkheuvel,mamakellyamsterdam,wturbankitchen,thestreetfoodclub,lejardinutrecht,pastaebasta_amsterdam,,,,,,,,,,,,,,,,,,,,,,
cannibaleroyale,watsonsfood,hugh_rotterdam,broei.utrecht,restaurantfred,oldscuola,rumclubutrecht,veganjunkfoodbar,restaurantkite,parkheuvel,mamakellyamsterdam,wturbankitchen,thestreetfoodclub,lejardinutrecht,pastaebasta_amsterdam,,,,,,,,,,,,,,,,,,,,,,
parkheuvel,watsonsfood,hugh_rotterdam,broei.utrecht,restaurantfred,oldscuola,rumclubutrecht,veganjunkfoodbar,restaurantkite,cannibaleroyale,mamakellyamsterdam,wturbankitchen,thestreetfoodclub,lejardinutrecht,pastaebasta_amsterdam,,,,,,,,,,,,,,,,,,,,,,
restaurantfred,watsonsfood,hugh_rotterdam,broei.utrecht,oldscuola,rumclubutrecht,veganjunkfoodbar,restaurantkite,cannibaleroyale,parkheuvel,mamakellyamsterdam,wturbankitchen,thestreetfoodclub,lejardinutrecht,pastaebasta_amsterdam,,,,,,,,,,,,,,,,,,,,,,
hugh_rotterdam,watsonsfood,broei.utrecht,restaurantfred,oldscuola,rumclubutrecht,veganjunkfoodbar,restaurantkite,cannibaleroyale,parkheuvel,mamakellyamsterdam,wturbankitchen,thestreetfoodclub,lejardinutrecht,pastaebasta_amsterdam,,,,,,,,,,,,,,,,,,,,,,
oldscuola,watsonsfood,hugh_rotterdam,broei.utrecht,restaurantfred,rumclubutrecht,veganjunkfoodbar,restaurantkite,cannibaleroyale,parkheuvel,mamakellyamsterdam,wturbankitchen,thestreetfoodclub,lejardinutrecht,pastaebasta_amsterdam,,,,,,,,,,,,,,,,,,,,,,
restaurantkite,watsonsfood,hugh_rotterdam,broei.utrecht,restaurantfred,oldscuola,rumclubutrecht,veganjunkfoodbar,cannibaleroyale,parkheuvel,mamakellyamsterdam,wturbankitchen,thestreetfoodclub,lejardinutrecht,pastaebasta_amsterdam,,,,,,,,,,,,,,,,,,,,,,
wturbankitchen,watsonsfood,hugh_rotterdam,broei.utrecht,restaurantfred,oldscuola,rumclubutrecht,veganjunkfoodbar,restaurantkite,cannibaleroyale,parkheuvel,mamakellyamsterdam,thestreetfoodclub,lejardinutrecht,pastaebasta_amsterdam,,,,,,,,,,,,,,,,,,,,,,
thestreetfoodclub,watsonsfood,hugh_rotterdam,broei.utrecht,restaurantfred,oldscuola,rumclubutrecht,veganjunkfoodbar,restaurantkite,cannibaleroyale,parkheuvel,mamakellyamsterdam,wturbankitchen,lejardinutrecht,pastaebasta_amsterdam,,,,,,,,,,,,,,,,,,,,,,
rumclubutrecht,watsonsfood,hugh_rotterdam,broei.utrecht,restaurantfred,oldscuola,veganjunkfoodbar,restaurantkite,cannibaleroyale,parkheuvel,mamakellyamsterdam,wturbankitchen,thestreetfoodclub,lejardinutrecht,pastaebasta_amsterdam,,,,,,,,,,,,,,,,,,,,,,
lejardinutrecht,watsonsfood,hugh_rotterdam,broei.utrecht,restaurantfred,oldscuola,rumclubutrecht,veganjunkfoodbar,restaurantkite,cannibaleroyale,parkheuvel,mamakellyamsterdam,wturbankitchen,thestreetfoodclub,pastaebasta_amsterdam,,,,,,,,,,,,,,,,,,,,,,
broei.utrecht,watsonsfood,hugh_rotterdam,restaurantfred,oldscuola,rumclubutrecht,veganjunkfoodbar,restaurantkite,cannibaleroyale,parkheuvel,mamakellyamsterdam,wturbankitchen,thestreetfoodclub,lejardinutrecht,pastaebasta_amsterdam,,,,,,,,,,,,,,,,,,,,,,
madedotcom,all4runningstore,homedeco,,,,,,,,,,,,,,,,,,,,,,,,,,,,,,,,,,
vtwonen,morreswonen,wehkamp,voetbalshopnl,barbecueshop.nl,basiclabel.nl,dekbeddiscounter,fonqnl,,,,,,,,,,,,,,,,,,,,,,,,,,,,,
hemanederland,,,,,,,,,,,,,,,,,,,,,,,,,,,,,,,,,,,,
loods5,trendhopper,ikeanederland,beter_bed,konforhome,hastensbeds,goossenswonenenslapen,morreswonen,woonexpress,woonboulevardpoortvliet,hoogenboezem.meubelen,dekbeddiscounter,jysknl,pronto_wonen,leenbakker,basiclabel.nl,villajipp_outlet,eijerkamp,zitmaxx,profijtmeubel,swisssense,misterdesignnl,debommelmeubelen,kwantum_nederland,pietklerkx.nl,montelwonen,,,,,,,,,,,
ikeanederland,trendhopper,beter_bed,konforhome,hastensbeds,morreswonen,woonexpress,woonboulevardpoortvliet,hoogenboezem.meubelen,dekbeddiscounter,jysknl,pronto_wonen,leenbakker,basiclabel.nl,villajipp_outlet,eijerkamp,zitmaxx,loods5,profijtmeubel,swisssense,misterdesignnl,debommelmeubelen,pietklerkx.nl,montelwonen,,,,,,,,,,,,,
homify,,,,,,,,,,,,,,,,,,,,,,,,,,,,,,,,,,,,
westwingnl,zitmaxx,voetbaldirect,morreswonen,flinders.design,leenbakker,deensnl,woonexpress,dekbeddiscounter,hockeydirect.nl,woonboulevardpoortvliet,hoogenboezem.meubelen,basiclabel.nl,tennisdirect,misterdesignnl,villajipp_outlet,stoermetaal,,,,,,,,,,,,,,,,,,,,
karwei,praxis_bouwmarkt,gamma_nl,hornbachnl,hubo_nl,,,,,,,,,,,,,,,,,,,,,,,,,,,,,,,,
kwantum_nederland,montelwonen,goossenswonenenslapen,zitmaxx,loods5,trendhopper,leenbakker,woonexpress,profijtmeubel,woonboulevardpoortvliet,hoogenboezem.meubelen,basiclabel.nl,jysknl,misterdesignnl,pietklerkx.nl,villajipp_outlet,konforhome,eijerkamp,,,,,,,,,,,,,,,,,,,
xenos_nl,morreswonen,,,,,,,,,,,,,,,,,,,,,,,,,,,,,,,,,,,
homedeco,all4runningstore,madedotcom,vidaxl_nl,,,,,,,,,,,,,,,,,,,,,,,,,,,,,,,,,
bol_com,wonenmetlef,,,,,,,,,,,,,,,,,,,,,,,,,,,,,,,,,,,
leenbakker,trendhopper,aupingnl,deensnl,hacowonenenslapen,ikeanederland,stoermetaal,beter_bed,konforhome,hastensbeds,goossenswonenenslapen,westwingnl,morreswonen,woonexpress,woonboulevardpoortvliet,lampenlicht.nl,dekbeddiscounter,jysknl,hoogenboezem.meubelen,tennisdirect,swisssense,pronto_wonen,voetbaldirect,villajipp_outlet,eijerkamp,zitmaxx,loods5,flinders.design,hockeydirect.nl,profijtmeubel,basiclabel.nl,misterdesignnl,debommelmeubelen,kwantum_nederland,pietklerkx.nl,montelwonen,
wonenmetlef,bol_com,,,,,,,,,,,,,,,,,,,,,,,,,,,,,,,,,,,
_connox_,,,,,,,,,,,,,,,,,,,,,,,,,,,,,,,,,,,,
interiorjunkiecom,misterdesignnl,,,,,,,,,,,,,,,,,,,,,,,,,,,,,,,,,,,
jysknl,trendhopper,ikeanederland,beter_bed,konforhome,hastensbeds,morreswonen,woonexpress,woonboulevardpoortvliet,lampenlicht.nl,dekbeddiscounter,hoogenboezem.meubelen,pronto_wonen,leenbakker,basiclabel.nl,villajipp_outlet,eijerkamp,zitmaxx,loods5,kwantum_nederland,profijtmeubel,swisssense,misterdesignnl,debommelmeubelen,hacowonenenslapen,pietklerkx.nl,montelwonen,,,,,,,,,,
wehkamp,morreswonen,voetbalshopnl,vtwonen,dekbeddiscounter,fonqnl,,,,,,,,,,,,,,,,,,,,,,,,,,,,,,,
fonqnl,morreswonen,wehkamp,voetbalshopnl,vtwonen,dekbeddiscounter,,,,,,,,,,,,,,,,,,,,,,,,,,,,,,,
konforhome,trendhopper,ikeanederland,beter_bed,hastensbeds,goossenswonenenslapen,morreswonen,woonexpress,woonboulevardpoortvliet,hoogenboezem.meubelen,dekbeddiscounter,jysknl,pronto_wonen,leenbakker,basiclabel.nl,villajipp_outlet,eijerkamp,zitmaxx,loods5,profijtmeubel,swisssense,misterdesignnl,debommelmeubelen,kwantum_nederland,pietklerkx.nl,montelwonen,,,,,,,,,,,
basiclabel.nl,trendhopper,aupingnl,deensnl,hacowonenenslapen,ikeanederland,stoermetaal,beter_bed,konforhome,hastensbeds,goossenswonenenslapen,westwingnl,morreswonen,woonexpress,woonboulevardpoortvliet,hoogenboezem.meubelen,dekbeddiscounter,jysknl,tennisdirect,pronto_wonen,voetbaldirect,leenbakker,vtwonen,villajipp_outlet,eijerkamp,zitmaxx,loods5,flinders.design,hockeydirect.nl,profijtmeubel,swisssense,misterdesignnl,debommelmeubelen,kwantum_nederland,pietklerkx.nl,montelwonen,
blokker,,,,,,,,,,,,,,,,,,,,,,,,,,,,,,,,,,,,
deensnl,westwingnl,zitmaxx,morreswonen,voetbaldirect,flinders.design,leenbakker,hockeydirect.nl,woonexpress,dekbeddiscounter,woonboulevardpoortvliet,hoogenboezem.meubelen,basiclabel.nl,tennisdirect,misterdesignnl,villajipp_outlet,stoermetaal,,,,,,,,,,,,,,,,,,,,
hastensbeds,trendhopper,ikeanederland,beter_bed,konforhome,morreswonen,woonexpress,woonboulevardpoortvliet,hoogenboezem.meubelen,dekbeddiscounter,jysknl,pronto_wonen,leenbakker,basiclabel.nl,villajipp_outlet,eijerkamp,zitmaxx,loods5,profijtmeubel,swisssense,misterdesignnl,debommelmeubelen,hacowonenenslapen,pietklerkx.nl,montelwonen,,,,,,,,,,,,
eijerkamp,trendhopper,ikeanederland,beter_bed,konforhome,hastensbeds,goossenswonenenslapen,morreswonen,woonexpress,woonboulevardpoortvliet,hoogenboezem.meubelen,dekbeddiscounter,jysknl,pronto_wonen,leenbakker,basiclabel.nl,villajipp_outlet,zitmaxx,loods5,profijtmeubel,swisssense,misterdesignnl,debommelmeubelen,kwantum_nederland,pietklerkx.nl,montelwonen,,,,,,,,,,,
goossenswonenenslapen,montelwonen,zitmaxx,loods5,trendhopper,leenbakker,woonexpress,profijtmeubel,woonboulevardpoortvliet,hoogenboezem.meubelen,basiclabel.nl,misterdesignnl,pietklerkx.nl,villajipp_outlet,kwantum_nederland,konforhome,eijerkamp,,,,,,,,,,,,,,,,,,,,
furn.nl,,,,,,,,,,,,,,,,,,,,,,,,,,,,,,,,,,,,
stoermetaal,westwingnl,zitmaxx,morreswonen,voetbaldirect,flinders.design,leenbakker,deensnl,woonexpress,dekbeddiscounter,hockeydirect.nl,woonboulevardpoortvliet,hoogenboezem.meubelen,basiclabel.nl,tennisdirect,misterdesignnl,villajipp_outlet,,,,,,,,,,,,,,,,,,,,
roomednl,hornbachnl,,,,,,,,,,,,,,,,,,,,,,,,,,,,,,,,,,,
misterdesignnl,trendhopper,deensnl,hacowonenenslapen,ikeanederland,stoermetaal,beter_bed,konforhome,hastensbeds,goossenswonenenslapen,westwingnl,morreswonen,woonexpress,woonboulevardpoortvliet,lampenlicht.nl,dekbeddiscounter,jysknl,hoogenboezem.meubelen,tennisdirect,swisssense,interiorjunkiecom,pronto_wonen,voetbaldirect,leenbakker,villajipp_outlet,eijerkamp,zitmaxx,loods5,flinders.design,hockeydirect.nl,profijtmeubel,basiclabel.nl,debommelmeubelen,kwantum_nederland,pietklerkx.nl,montelwonen,
dekbeddiscounter,trendhopper,deensnl,ikeanederland,stoermetaal,beter_bed,konforhome,hastensbeds,westwingnl,morreswonen,voetbalshopnl,woonexpress,woonboulevardpoortvliet,hoogenboezem.meubelen,tennisdirect,jysknl,swisssense,pronto_wonen,voetbaldirect,wehkamp,leenbakker,vtwonen,villajipp_outlet,eijerkamp,fonqnl,zitmaxx,loods5,flinders.design,hockeydirect.nl,profijtmeubel,basiclabel.nl,misterdesignnl,debommelmeubelen,pietklerkx.nl,montelwonen,,
woonexpress,trendhopper,aupingnl,deensnl,hacowonenenslapen,ikeanederland,stoermetaal,beter_bed,konforhome,hastensbeds,goossenswonenenslapen,westwingnl,morreswonen,woonboulevardpoortvliet,hoogenboezem.meubelen,dekbeddiscounter,jysknl,tennisdirect,swisssense,pronto_wonen,voetbaldirect,leenbakker,villajipp_outlet,eijerkamp,zitmaxx,loods5,flinders.design,hockeydirect.nl,profijtmeubel,basiclabel.nl,misterdesignnl,debommelmeubelen,kwantum_nederland,pietklerkx.nl,montelwonen,,
zitmaxx,trendhopper,aupingnl,deensnl,hacowonenenslapen,ikeanederland,stoermetaal,beter_bed,konforhome,hastensbeds,goossenswonenenslapen,westwingnl,morreswonen,woonexpress,woonboulevardpoortvliet,hoogenboezem.meubelen,dekbeddiscounter,jysknl,tennisdirect,swisssense,pronto_wonen,voetbaldirect,leenbakker,villajipp_outlet,eijerkamp,loods5,flinders.design,hockeydirect.nl,profijtmeubel,basiclabel.nl,misterdesignnl,debommelmeubelen,kwantum_nederland,pietklerkx.nl,montelwonen,,
pronto_wonen,trendhopper,ikeanederland,beter_bed,konforhome,hastensbeds,morreswonen,woonexpress,woonboulevardpoortvliet,hoogenboezem.meubelen,dekbeddiscounter,jysknl,leenbakker,basiclabel.nl,villajipp_outlet,eijerkamp,zitmaxx,loods5,profijtmeubel,swisssense,misterdesignnl,debommelmeubelen,pietklerkx.nl,montelwonen,,,,,,,,,,,,,
designbestseller,,,,,,,,,,,,,,,,,,,,,,,,,,,,,,,,,,,,
barbecueshop.nl,vtwonen,,,,,,,,,,,,,,,,,,,,,,,,,,,,,,,,,,,
flinders.design,westwingnl,zitmaxx,morreswonen,voetbaldirect,leenbakker,deensnl,woonexpress,dekbeddiscounter,hockeydirect.nl,woonboulevardpoortvliet,hoogenboezem.meubelen,basiclabel.nl,tennisdirect,misterdesignnl,villajipp_outlet,stoermetaal,,,,,,,,,,,,,,,,,,,,
trendhopper,ikeanederland,beter_bed,konforhome,hastensbeds,goossenswonenenslapen,morreswonen,woonexpress,woonboulevardpoortvliet,hoogenboezem.meubelen,dekbeddiscounter,jysknl,pronto_wonen,leenbakker,basiclabel.nl,villajipp_outlet,eijerkamp,zitmaxx,loods5,profijtmeubel,swisssense,misterdesignnl,debommelmeubelen,kwantum_nederland,pietklerkx.nl,montelwonen,,,,,,,,,,,
debommelmeubelen,trendhopper,ikeanederland,beter_bed,konforhome,hastensbeds,morreswonen,woonexpress,woonboulevardpoortvliet,hoogenboezem.meubelen,dekbeddiscounter,jysknl,swisssense,pronto_wonen,leenbakker,villajipp_outlet,eijerkamp,zitmaxx,loods5,profijtmeubel,basiclabel.nl,misterdesignnl,pietklerkx.nl,montelwonen,,,,,,,,,,,,,
otto_nl,plutosport.nl,dakasport,intersportnl,voetbaldirect,all4runningstore,hockeydirect.nl,tennisdirect,villajipp_outlet,decathlonnederland,,,,,,,,,,,,,,,,,,,,,,,,,,,
praxis_bouwmarkt,gamma_nl,karwei,hubo_nl,hornbachnl,,,,,,,,,,,,,,,,,,,,,,,,,,,,,,,,
gamma_nl,praxis_bouwmarkt,karwei,hubo_nl,hornbachnl,,,,,,,,,,,,,,,,,,,,,,,,,,,,,,,,
pietklerkx.nl,trendhopper,ikeanederland,beter_bed,konforhome,hastensbeds,goossenswonenenslapen,morreswonen,woonexpress,woonboulevardpoortvliet,hoogenboezem.meubelen,dekbeddiscounter,jysknl,pronto_wonen,leenbakker,basiclabel.nl,villajipp_outlet,eijerkamp,zitmaxx,loods5,profijtmeubel,swisssense,misterdesignnl,debommelmeubelen,kwantum_nederland,montelwonen,,,,,,,,,,,
swisssense,trendhopper,ikeanederland,beter_bed,konforhome,hastensbeds,morreswonen,woonexpress,woonboulevardpoortvliet,hoogenboezem.meubelen,dekbeddiscounter,jysknl,pronto_wonen,leenbakker,villajipp_outlet,eijerkamp,zitmaxx,loods5,profijtmeubel,basiclabel.nl,misterdesignnl,debommelmeubelen,pietklerkx.nl,montelwonen,,,,,,,,,,,,,
montelwonen,trendhopper,ikeanederland,beter_bed,konforhome,hastensbeds,goossenswonenenslapen,morreswonen,woonexpress,woonboulevardpoortvliet,lampenlicht.nl,dekbeddiscounter,jysknl,hoogenboezem.meubelen,pronto_wonen,leenbakker,basiclabel.nl,villajipp_outlet,eijerkamp,zitmaxx,loods5,profijtmeubel,swisssense,misterdesignnl,debommelmeubelen,kwantum_nederland,pietklerkx.nl,,,,,,,,,,
aupingnl,zitmaxx,leenbakker,woonexpress,hoogenboezem.meubelen,basiclabel.nl,,,,,,,,,,,,,,,,,,,,,,,,,,,,,,,
hacowonenenslapen,hastensbeds,zitmaxx,leenbakker,woonexpress,hoogenboezem.meubelen,basiclabel.nl,jysknl,misterdesignnl,villajipp_outlet,beter_bed,,,,,,,,,,,,,,,,,,,,,,,,,,
emma_matras,,,,,,,,,,,,,,,,,,,,,,,,,,,,,,,,,,,,
hornbachnl,gamma_nl,roomednl,praxis_bouwmarkt,karwei,hubo_nl,,,,,,,,,,,,,,,,,,,,,,,,,,,,,,,
lampenlicht.nl,leenbakker,profijtmeubel,jysknl,misterdesignnl,villajipp_outlet,montelwonen,,,,,,,,,,,,,,,,,,,,,,,,,,,,,,
profijtmeubel,trendhopper,ikeanederland,beter_bed,konforhome,hastensbeds,goossenswonenenslapen,morreswonen,woonexpress,woonboulevardpoortvliet,lampenlicht.nl,dekbeddiscounter,jysknl,hoogenboezem.meubelen,pronto_wonen,leenbakker,basiclabel.nl,villajipp_outlet,eijerkamp,zitmaxx,loods5,swisssense,misterdesignnl,debommelmeubelen,kwantum_nederland,pietklerkx.nl,montelwonen,,,,,,,,,,
bianonl,,,,,,,,,,,,,,,,,,,,,,,,,,,,,,,,,,,,
woonboulevardpoortvliet,trendhopper,deensnl,ikeanederland,stoermetaal,beter_bed,konforhome,hastensbeds,goossenswonenenslapen,westwingnl,morreswonen,woonexpress,hoogenboezem.meubelen,tennisdirect,dekbeddiscounter,jysknl,swisssense,pronto_wonen,voetbaldirect,leenbakker,villajipp_outlet,eijerkamp,zitmaxx,loods5,flinders.design,hockeydirect.nl,profijtmeubel,basiclabel.nl,misterdesignnl,debommelmeubelen,kwantum_nederland,pietklerkx.nl,montelwonen,,,,
morreswonen,trendhopper,deensnl,ikeanederland,stoermetaal,beter_bed,konforhome,hastensbeds,westwingnl,voetbalshopnl,woonexpress,woonboulevardpoortvliet,hoogenboezem.meubelen,dekbeddiscounter,jysknl,tennisdirect,swisssense,pronto_wonen,voetbaldirect,wehkamp,leenbakker,vtwonen,villajipp_outlet,eijerkamp,fonqnl,zitmaxx,xenos_nl,loods5,flinders.design,hockeydirect.nl,profijtmeubel,basiclabel.nl,misterdesignnl,debommelmeubelen,pietklerkx.nl,montelwonen,
hubo_nl,praxis_bouwmarkt,karwei,gamma_nl,hornbachnl,,,,,,,,,,,,,,,,,,,,,,,,,,,,,,,,
beter_bed,trendhopper,ikeanederland,konforhome,hastensbeds,morreswonen,woonexpress,woonboulevardpoortvliet,hoogenboezem.meubelen,dekbeddiscounter,jysknl,pronto_wonen,leenbakker,basiclabel.nl,villajipp_outlet,eijerkamp,zitmaxx,loods5,profijtmeubel,swisssense,misterdesignnl,debommelmeubelen,hacowonenenslapen,pietklerkx.nl,montelwonen,,,,,,,,,,,,
hoogenboezem.meubelen,trendhopper,aupingnl,deensnl,hacowonenenslapen,ikeanederland,stoermetaal,beter_bed,konforhome,hastensbeds,goossenswonenenslapen,westwingnl,morreswonen,woonexpress,woonboulevardpoortvliet,tennisdirect,dekbeddiscounter,jysknl,swisssense,pronto_wonen,voetbaldirect,leenbakker,villajipp_outlet,eijerkamp,zitmaxx,loods5,flinders.design,hockeydirect.nl,profijtmeubel,basiclabel.nl,misterdesignnl,debommelmeubelen,kwantum_nederland,pietklerkx.nl,montelwonen,,
villajipp_outlet,trendhopper,deensnl,hacowonenenslapen,ikeanederland,stoermetaal,beter_bed,konforhome,hastensbeds,plutosport.nl,goossenswonenenslapen,westwingnl,morreswonen,woonexpress,woonboulevardpoortvliet,lampenlicht.nl,dekbeddiscounter,jysknl,hoogenboezem.meubelen,tennisdirect,swisssense,pronto_wonen,voetbaldirect,leenbakker,eijerkamp,zitmaxx,loods5,flinders.design,hockeydirect.nl,profijtmeubel,otto_nl,basiclabel.nl,misterdesignnl,debommelmeubelen,kwantum_nederland,pietklerkx.nl,montelwonen
vidaxl_nl,homedeco,,,,,,,,,,,,,,,,,,,,,,,,,,,,,,,,,,,
mline_nl,,,,,,,,,,,,,,,,,,,,,,,,,,,,,,,,,,,,
plutosport.nl,dakasport,intersportnl,aktiesport.nl,perrysport.nl,voetbaldirect,sport2000nederland,all4runningstore,soccerfanshop,hockeydirect.nl,jdsportsnl,tennisdirect,otto_nl,villajipp_outlet,decathlonnederland,,,,,,,,,,,,,,,,,,,,,,
voetbalshopnl,morreswonen,wehkamp,vtwonen,dekbeddiscounter,fonqnl,,,,,,,,,,,,,,,,,,,,,,,,,,,,,,,
all4runningstore,plutosport.nl,dakasport,intersportnl,madedotcom,aktiesport.nl,perrysport.nl,voetbaldirect,sport2000nederland,soccerfanshop,hockeydirect.nl,jdsportsnl,homedeco,tennisdirect,otto_nl,decathlonnederland,,,,,,,,,,,,,,,,,,,,,
voetbaldirect,dakasport,perrysport.nl,all4runningstore,deensnl,stoermetaal,plutosport.nl,westwingnl,sport2000nederland,morreswonen,woonexpress,jdsportsnl,woonboulevardpoortvliet,hoogenboezem.meubelen,dekbeddiscounter,tennisdirect,decathlonnederland,aktiesport.nl,leenbakker,villajipp_outlet,intersportnl,zitmaxx,soccerfanshop,flinders.design,hockeydirect.nl,otto_nl,basiclabel.nl,misterdesignnl,,,,,,,,,
dakasport,plutosport.nl,intersportnl,aktiesport.nl,perrysport.nl,voetbaldirect,sport2000nederland,all4runningstore,soccerfanshop,hockeydirect.nl,jdsportsnl,tennisdirect,otto_nl,decathlonnederland,,,,,,,,,,,,,,,,,,,,,,,
hockeydirect.nl,dakasport,perrysport.nl,all4runningstore,deensnl,stoermetaal,plutosport.nl,westwingnl,sport2000nederland,morreswonen,woonexpress,jdsportsnl,woonboulevardpoortvliet,hoogenboezem.meubelen,dekbeddiscounter,tennisdirect,decathlonnederland,aktiesport.nl,voetbaldirect,leenbakker,villajipp_outlet,intersportnl,zitmaxx,soccerfanshop,flinders.design,otto_nl,basiclabel.nl,misterdesignnl,,,,,,,,,
tennisdirect,dakasport,perrysport.nl,all4runningstore,deensnl,stoermetaal,plutosport.nl,westwingnl,sport2000nederland,morreswonen,woonexpress,jdsportsnl,woonboulevardpoortvliet,hoogenboezem.meubelen,dekbeddiscounter,decathlonnederland,aktiesport.nl,voetbaldirect,leenbakker,villajipp_outlet,intersportnl,zitmaxx,soccerfanshop,flinders.design,hockeydirect.nl,otto_nl,basiclabel.nl,misterdesignnl,,,,,,,,,
intersportnl,plutosport.nl,dakasport,aktiesport.nl,voetbaldirect,all4runningstore,hockeydirect.nl,jdsportsnl,tennisdirect,otto_nl,decathlonnederland,,,,,,,,,,,,,,,,,,,,,,,,,,
aktiesport.nl,plutosport.nl,dakasport,intersportnl,perrysport.nl,voetbaldirect,sport2000nederland,all4runningstore,soccerfanshop,hockeydirect.nl,jdsportsnl,tennisdirect,decathlonnederland,,,,,,,,,,,,,,,,,,,,,,,,
sport2000nederland,plutosport.nl,dakasport,aktiesport.nl,perrysport.nl,voetbaldirect,all4runningstore,soccerfanshop,hockeydirect.nl,tennisdirect,decathlonnederland,,,,,,,,,,,,,,,,,,,,,,,,,,
soccerfanshop,plutosport.nl,dakasport,aktiesport.nl,perrysport.nl,voetbaldirect,sport2000nederland,all4runningstore,hockeydirect.nl,tennisdirect,decathlonnederland,,,,,,,,,,,,,,,,,,,,,,,,,,
jdsportsnl,plutosport.nl,dakasport,intersportnl,aktiesport.nl,voetbaldirect,all4runningstore,hockeydirect.nl,tennisdirect,decathlonnederland,,,,,,,,,,,,,,,,,,,,,,,,,,,
decathlonnederland,plutosport.nl,dakasport,intersportnl,aktiesport.nl,perrysport.nl,voetbaldirect,sport2000nederland,all4runningstore,soccerfanshop,hockeydirect.nl,jdsportsnl,tennisdirect,otto_nl,,,,,,,,,,,,,,,,,,,,,,,
gorillasportsnl,,,,,,,,,,,,,,,,,,,,,,,,,,,,,,,,,,,,
perrysport.nl,plutosport.nl,dakasport,aktiesport.nl,voetbaldirect,sport2000nederland,all4runningstore,soccerfanshop,hockeydirect.nl,tennisdirect,decathlonnederland,,,,,,,,,,,,,,,,,,,,,,,,,,